Ticker,Company,Sector,CIK,Price,MarketCap,ADV20,LatestForm,LatestFiledAt,LatestFiledAgeDays,CatalystType,Catalyst,CatalystStatus,CatalystPrimaryForm,CatalystPrimaryDate,CatalystPrimaryDaysAgo,CatalystPrimaryURL,RunwayQuartersRaw,RunwayQuarters,RunwayCashRaw,RunwayCash,RunwayQuarterlyBurnRaw,RunwayQuarterlyBurn,RunwayEstimate,RunwayNotes,RunwayDays,RunwayBucket,RunwaySourceForm,RunwaySourceDate,RunwaySourceDaysAgo,RunwaySourceURL,RunwayStatus,DilutionFlag,Dilution,DilutionStatus,DilutionFormsHit,DilutionKeywordsHit,DilutionPrimaryForm,DilutionPrimaryDate,DilutionPrimaryDaysAgo,DilutionPrimaryURL,DilutionEvidenceAll,Governance,GovernanceStatus,GovernancePrimaryForm,GovernancePrimaryDate,GovernancePrimaryDaysAgo,GovernancePrimaryURL,GovernanceEvidenceAll,GovernanceNotes,HasGoingConcern,HasMaterialWeakness,Auditor,Insider,InsiderStatus,InsiderForms345Links,InsiderBuyCount,HasInsiderCluster,Ownership,OwnershipStatus,OwnershipLinks,Materiality,SubscoresEvidenced,SubscoresEvidencedCount,Status,ChecklistPassed,ChecklistCatalyst,ChecklistDilution,ChecklistRunway,ChecklistGovernance,ChecklistInsider,ChecklistOwnership,RiskFlag,Tier1Type,Tier1Trigger
ABEO,Abeona Therapeutics Inc.,Healthcare,0000318306,5.33,257500000.0,2920743.7,10-Q,2025-11-12,15,Tier-1,Tier-1,Pass,8-K,2025-11-12,15,https://www.sec.gov/Archives/edgar/data/318306/000149315225021721/form8-k.htm,1.419903,1.42,82884000.0,82884000.0,58373000.0,58373000.0,interim,2025-11-12 10-Q https://www.sec.gov/Archives/edgar/data/318306/000149315225021723/form10-q.htm | values parsed from EDGAR XBRL: https://www.sec.gov/Archives/edgar/data/318306/000149315225021723/form10-q.htm?form=10-Q,128,1-3q,10-Q,2025-11-12,15,https://www.sec.gov/Archives/edgar/data/318306/000149315225021723/form10-q.htm,Pass,True,Pass (Offering),Pass (Offering),8-K,warrant,8-K,2025-11-12,325,https://www.sec.gov/Archives/edgar/data/318306/000149315225021721/form8-k.htm,8-K https://www.sec.gov/Archives/edgar/data/318306/000149315225021721/form8-k.htm,2025-04-09 DEF 14A https://www.sec.gov/Archives/edgar/data/318306/000164117225003411/formdef14a.htm,Pass,DEF 14A,2025-04-09,232,https://www.sec.gov/Archives/edgar/data/318306/000164117225003411/formdef14a.htm,2025-04-09 DEF 14A https://www.sec.gov/Archives/edgar/data/318306/000164117225003411/formdef14a.htm; 2024-11-12 DEF 14A https://www.sec.gov/Archives/edgar/data/318306/000149315224044862/formdef14a.htm,2025-04-09 DEF 14A https://www.sec.gov/Archives/edgar/data/318306/000164117225003411/formdef14a.htm,False,False,,,Missing,,0,False,,Missing,,High,Catalyst; Dilution; Governance,3,Active,4/6,Pass,Pass,Pass,Pass,Missing,Missing,,Financing,
AISP,"Airship AI Holdings, Inc.",Technology,0001842566,5.23,112336787.0,1007721.95,424B3,2025-11-19,8,Tier-1,Tier-1,Pass,8-K,2025-11-17,10,https://www.sec.gov/Archives/edgar/data/1842566/000165495425013123/airsp_8k.htm,1.278348,1.28,5755661.0,5755661.0,4502421.0,4502421.0,interim,2025-11-14 10-Q https://www.sec.gov/Archives/edgar/data/1842566/000165495425013084/airsp_10q.htm | values parsed from EDGAR XBRL: https://www.sec.gov/Archives/edgar/data/1842566/000165495425013084/airsp_10q.htm?form=10-Q,115,1-3q,10-Q,2025-11-14,13,https://www.sec.gov/Archives/edgar/data/1842566/000165495425013084/airsp_10q.htm,Pass,True,Pass (Offering),Pass (Offering),8-K,convertible; warrant; offering,8-K,2025-11-17,8,https://www.sec.gov/Archives/edgar/data/1842566/000165495425013123/airsp_8k.htm,8-K https://www.sec.gov/Archives/edgar/data/1842566/000165495425013123/airsp_8k.htm,2025-10-27 DEF 14A https://www.sec.gov/Archives/edgar/data/1842566/000165495425012247/airsp_def14a.htm,Pass,DEF 14A,2025-10-27,31,https://www.sec.gov/Archives/edgar/data/1842566/000165495425012247/airsp_def14a.htm,2025-10-27 DEF 14A https://www.sec.gov/Archives/edgar/data/1842566/000165495425012247/airsp_def14a.htm; 2024-11-12 DEF 14A https://www.sec.gov/Archives/edgar/data/1842566/000165495424014184/airsp_def14a.htm,2025-10-27 DEF 14A https://www.sec.gov/Archives/edgar/data/1842566/000165495425012247/airsp_def14a.htm,False,False,,,Missing,,0,False,,Missing,,High,Catalyst; Dilution; Governance,3,Active,4/6,Pass,Pass,Pass,Pass,Missing,Missing,,Financing,
ATOM,Atomera Incorporated,Technology,0001420520,3.83,75400862.0,478349.85,10-Q,2025-10-29,29,Tier-2,Tier-2,Pass,8-K,2025-10-28,30,https://www.sec.gov/Archives/edgar/data/1420520/000168316825007810/atomera_8k.htm,1.744527,1.74,20322000.0,20322000.0,11649000.0,11649000.0,interim,2025-10-29 10-Q https://www.sec.gov/Archives/edgar/data/1420520/000168316825007840/atomera_i10q-093025.htm | values parsed from EDGAR XBRL: https://www.sec.gov/Archives/edgar/data/1420520/000168316825007840/atomera_i10q-093025.htm?form=10-Q,157,1-3q,10-Q,2025-10-29,29,https://www.sec.gov/Archives/edgar/data/1420520/000168316825007840/atomera_i10q-093025.htm,Pass,True,2025-06-26 S-8 https://www.sec.gov/Archives/edgar/data/1420520/000168316825004774/atomera_s8.htm,Pass (Offering),S-8; S-3,,S-8,2025-06-26,154,https://www.sec.gov/Archives/edgar/data/1420520/000168316825004774/atomera_s8.htm,2025-06-26 S-8 https://www.sec.gov/Archives/edgar/data/1420520/000168316825004774/atomera_s8.htm; 2025-05-27 S-3 https://www.sec.gov/Archives/edgar/data/1420520/000168316825004034/atomera_s3.htm,2025-03-19 DEF 14A https://www.sec.gov/Archives/edgar/data/1420520/000168316825001729/atomera_idef14a.htm,Pass,DEF 14A,2025-03-19,253,https://www.sec.gov/Archives/edgar/data/1420520/000168316825001729/atomera_idef14a.htm,2025-03-19 DEF 14A https://www.sec.gov/Archives/edgar/data/1420520/000168316825001729/atomera_idef14a.htm,2025-03-19 DEF 14A https://www.sec.gov/Archives/edgar/data/1420520/000168316825001729/atomera_idef14a.htm,False,False,,,Missing,,0,False,,Missing,,High,Catalyst; Dilution; Governance,3,Active,4/6,Pass,Pass,Pass,Pass,Missing,Missing,,,
BEEM,Beam Global,Energy,0001398805,2.56,28502606.0,559872.2,424B5,2025-11-14,13,Tier-1,Tier-1,Pass,8-K,2025-11-14,13,https://www.sec.gov/Archives/edgar/data/1398805/000143774925035217/beem20250917_8k.htm,0.498808,0.5,3348000.0,3348000.0,6712000.0,6712000.0,interim,2025-11-14 10-Q https://www.sec.gov/Archives/edgar/data/1398805/000143774925035215/beem20250630_10q.htm | values parsed from EDGAR XBRL: https://www.sec.gov/Archives/edgar/data/1398805/000143774925035215/beem20250630_10q.htm?form=10-Q,45,<1q,10-Q,2025-11-14,13,https://www.sec.gov/Archives/edgar/data/1398805/000143774925035215/beem20250630_10q.htm,Pass,True,Pass (Offering),Pass (Offering),8-K,warrant,8-K,2025-11-14,13,https://www.sec.gov/Archives/edgar/data/1398805/000143774925035217/beem20250917_8k.htm,8-K https://www.sec.gov/Archives/edgar/data/1398805/000143774925035217/beem20250917_8k.htm,2025-09-08 DEF 14A https://www.sec.gov/Archives/edgar/data/1398805/000168316825006757/beam_idef14a.htm,Pass,DEF 14A,2025-09-08,80,https://www.sec.gov/Archives/edgar/data/1398805/000168316825006757/beam_idef14a.htm,2025-09-08 DEF 14A https://www.sec.gov/Archives/edgar/data/1398805/000168316825006757/beam_idef14a.htm,2025-09-08 DEF 14A https://www.sec.gov/Archives/edgar/data/1398805/000168316825006757/beam_idef14a.htm,False,False,,,Missing,,0,False,,Missing,,High,Catalyst; Dilution; Governance,3,Active,4/6,Pass,Pass,Pass,Pass,Missing,Missing,,Financing,
BLNK,Blink Charging Co.,Industrials,0001429764,1.75,133028927.0,2399461.6,10-Q,2025-11-07,20,Tier-1,Tier-1,Pass,8-K,2025-11-06,21,https://www.sec.gov/Archives/edgar/data/1429764/000149315225021067/form8-k.htm,0.73272,0.73,23110000.0,23110000.0,31540000.0,31540000.0,interim,2025-11-07 10-Q https://www.sec.gov/Archives/edgar/data/1429764/000149315225021197/form10-q.htm | values parsed from EDGAR XBRL: https://www.sec.gov/Archives/edgar/data/1429764/000149315225021197/form10-q.htm?form=10-Q,66,<1q,10-Q,2025-11-07,20,https://www.sec.gov/Archives/edgar/data/1429764/000149315225021197/form10-q.htm,Pass,True,Pass (Offering),Pass (Offering),8-K,warrant; offering,8-K,2025-11-06,,https://www.sec.gov/Archives/edgar/data/1429764/000149315225021067/form8-k.htm,8-K https://www.sec.gov/Archives/edgar/data/1429764/000149315225021067/form8-k.htm,2025-05-14 DEF 14A https://www.sec.gov/Archives/edgar/data/1429764/000164117225010356/formdef14a.htm,Pass,DEF 14A,2025-05-14,197,https://www.sec.gov/Archives/edgar/data/1429764/000164117225010356/formdef14a.htm,2025-05-14 DEF 14A https://www.sec.gov/Archives/edgar/data/1429764/000164117225010356/formdef14a.htm,2025-05-14 DEF 14A https://www.sec.gov/Archives/edgar/data/1429764/000164117225010356/formdef14a.htm,False,False,,,Missing,,0,False,,Missing,,Medium,Catalyst; Governance,2,Active,4/6,Pass,Pass,Pass,Pass,Missing,Missing,,Financing,
BTCS,BTCS Inc.,Financial Services,0001436229,4.78,148483069.0,1695867.7,8-K,2025-11-14,13,Tier-1,Tier-1,Pass,8-K,2025-11-14,13,https://www.sec.gov/Archives/edgar/data/1436229/000149315225022605/form8-k.htm,0.743715,0.74,4486051.0,4486051.0,6031947.0,6031947.0,interim,2025-11-13 10-Q https://www.sec.gov/Archives/edgar/data/1436229/000149315225022359/form10-q.htm | values parsed from EDGAR XBRL: https://www.sec.gov/Archives/edgar/data/1436229/000149315225022359/form10-q.htm?form=10-Q,67,<1q,10-Q,2025-11-13,14,https://www.sec.gov/Archives/edgar/data/1436229/000149315225022359/form10-q.htm,Pass,True,Pass (Offering),Pass (Offering),8-K,atm; convertible; warrant; offering,8-K,2025-11-14,118,https://www.sec.gov/Archives/edgar/data/1436229/000149315225022605/form8-k.htm,8-K https://www.sec.gov/Archives/edgar/data/1436229/000149315225022605/form8-k.htm,2025-03-28 DEF 14A https://www.sec.gov/Archives/edgar/data/1436229/000164117225001236/formdef14a.htm,Pass,DEF 14A,2025-03-28,244,https://www.sec.gov/Archives/edgar/data/1436229/000164117225001236/formdef14a.htm,2025-03-28 DEF 14A https://www.sec.gov/Archives/edgar/data/1436229/000164117225001236/formdef14a.htm,2025-03-28 DEF 14A https://www.sec.gov/Archives/edgar/data/1436229/000164117225001236/formdef14a.htm,False,False,,,Missing,,0,False,,Missing,,High,Catalyst; Dilution; Governance,3,Active,4/6,Pass,Pass,Pass,Pass,Missing,Missing,,Financing,
CGTX,"Cognition Therapeutics, Inc.",Healthcare,0001455365,1.43,121410615.0,1043905.05,10-Q,2025-11-06,21,Tier-1,Tier-1,Pass,8-K,2025-11-06,21,https://www.sec.gov/Archives/edgar/data/1455365/000110465925107390/tm2530237d1_8k.htm,1.859676,1.86,39334000.0,39334000.0,21151000.0,21151000.0,interim,2025-11-06 10-Q https://www.sec.gov/Archives/edgar/data/1455365/000110465925107402/cgtx-20250930x10q.htm | values parsed from EDGAR XBRL: https://www.sec.gov/Archives/edgar/data/1455365/000110465925107402/cgtx-20250930x10q.htm?form=10-Q,167,1-3q,10-Q,2025-11-06,21,https://www.sec.gov/Archives/edgar/data/1455365/000110465925107402/cgtx-20250930x10q.htm,Pass,True,Pass (Offering),Pass (Offering),8-K,registered_direct; offering,8-K,2025-11-06,91,https://www.sec.gov/Archives/edgar/data/1455365/000110465925107390/tm2530237d1_8k.htm,8-K https://www.sec.gov/Archives/edgar/data/1455365/000110465925107390/tm2530237d1_8k.htm,2025-04-28 DEF 14A https://www.sec.gov/Archives/edgar/data/1455365/000110465925040193/tm252486-4_def14a.htm,Pass,DEF 14A,2025-04-28,213,https://www.sec.gov/Archives/edgar/data/1455365/000110465925040193/tm252486-4_def14a.htm,2025-04-28 DEF 14A https://www.sec.gov/Archives/edgar/data/1455365/000110465925040193/tm252486-4_def14a.htm,2025-04-28 DEF 14A https://www.sec.gov/Archives/edgar/data/1455365/000110465925040193/tm252486-4_def14a.htm,False,False,,,Missing,,0,False,,Missing,,High,Catalyst; Dilution; Governance,3,Active,4/6,Pass,Pass,Pass,Pass,Missing,Missing,,Financing,
CRVO,CervoMed Inc.,Healthcare,0001053691,8.08,91972027.0,81870.5,8-K,2025-11-10,17,Tier-1,Tier-1,Pass,8-K,2025-11-10,17,https://www.sec.gov/Archives/edgar/data/1053691/000143774925034095/crvo20251110_8k.htm,0.559278,0.56,9437400.0,9437400.0,16874264.0,16874264.0,interim,2025-11-07 10-Q https://www.sec.gov/Archives/edgar/data/1053691/000143774925033879/crvo20250930_10q.htm | values parsed from EDGAR XBRL: https://www.sec.gov/Archives/edgar/data/1053691/000143774925033879/crvo20250930_10q.htm?form=10-Q,50,<1q,10-Q,2025-11-07,20,https://www.sec.gov/Archives/edgar/data/1053691/000143774925033879/crvo20250930_10q.htm,Pass,True,Pass (Offering),Pass (Offering),8-K,offering,8-K,2025-11-10,20,https://www.sec.gov/Archives/edgar/data/1053691/000143774925034095/crvo20251110_8k.htm,8-K https://www.sec.gov/Archives/edgar/data/1053691/000143774925034095/crvo20251110_8k.htm,2025-04-29 DEF 14A https://www.sec.gov/Archives/edgar/data/1053691/000143774925013543/crvo20250425_def14a.htm,Pass,DEF 14A,2025-04-29,212,https://www.sec.gov/Archives/edgar/data/1053691/000143774925013543/crvo20250425_def14a.htm,2025-04-29 DEF 14A https://www.sec.gov/Archives/edgar/data/1053691/000143774925013543/crvo20250425_def14a.htm,2025-04-29 DEF 14A https://www.sec.gov/Archives/edgar/data/1053691/000143774925013543/crvo20250425_def14a.htm,False,False,,,Missing,,0,False,,Missing,,High,Catalyst; Dilution; Governance,3,Active,4/6,Pass,Pass,Pass,Pass,Missing,Missing,,Financing,
CYN,Cyngn Inc.,Technology,0001874097,6.0,28867252.0,233658.25,10-Q,2025-11-19,8,Tier-1,Tier-1,Pass,8-K,2025-11-19,8,https://www.sec.gov/Archives/edgar/data/1874097/000121390025112325/ea0266072-8k_cynginc.htm,0.286327,0.29,4820464.0,4820464.0,16835542.0,16835542.0,interim,2025-11-19 10-Q https://www.sec.gov/Archives/edgar/data/1874097/000121390025112611/ea0262363-10q_cyngn.htm | values parsed from EDGAR XBRL: https://www.sec.gov/Archives/edgar/data/1874097/000121390025112611/ea0262363-10q_cyngn.htm?form=10-Q,26,<1q,10-Q,2025-11-19,8,https://www.sec.gov/Archives/edgar/data/1874097/000121390025112611/ea0262363-10q_cyngn.htm,Pass,True,Pass (Offering),Pass (Offering),8-K,atm; warrant,8-K,2025-11-19,83,https://www.sec.gov/Archives/edgar/data/1874097/000121390025112325/ea0266072-8k_cynginc.htm,8-K https://www.sec.gov/Archives/edgar/data/1874097/000121390025112325/ea0266072-8k_cynginc.htm,2025-10-22 DEF 14A https://www.sec.gov/Archives/edgar/data/1874097/000121390025101251/ea0261865-01.htm,Pass,DEF 14A,2025-10-22,36,https://www.sec.gov/Archives/edgar/data/1874097/000121390025101251/ea0261865-01.htm,2025-10-22 DEF 14A https://www.sec.gov/Archives/edgar/data/1874097/000121390025101251/ea0261865-01.htm; 2025-08-19 DEF 14A https://www.sec.gov/Archives/edgar/data/1874097/000121390025078526/ea0252444-02.htm; 2025-01-06 DEF 14A https://www.sec.gov/Archives/edgar/data/1874097/000121390025001186/ea0225825-02.htm,2025-10-22 DEF 14A https://www.sec.gov/Archives/edgar/data/1874097/000121390025101251/ea0261865-01.htm,False,False,,,Missing,,0,False,,Missing,,High,Catalyst; Dilution; Governance,3,Active,4/6,Pass,Pass,Pass,Pass,Missing,Missing,,Financing,
FF,FutureFuel Corp.,Basic Materials,0001337298,3.86,143017588.0,194203.3,8-K,2025-11-12,15,Tier-1,Tier-1,Pass,8-K,2025-11-10,17,https://www.sec.gov/Archives/edgar/data/1337298/000143774925034099/ff20250821_8k.htm,65.866051,65.87,85560000.0,85560000.0,1299000.0,1299000.0,interim,2025-11-10 10-Q https://www.sec.gov/Archives/edgar/data/1337298/000143774925034102/ff20250930_10q.htm | values parsed from EDGAR XBRL: https://www.sec.gov/Archives/edgar/data/1337298/000143774925034102/ff20250930_10q.htm?form=10-Q,5928,>12q,10-Q,2025-11-10,17,https://www.sec.gov/Archives/edgar/data/1337298/000143774925034102/ff20250930_10q.htm,Pass,True,Pass (Offering),Pass (Offering),8-K,offering,8-K,2025-11-10,,https://www.sec.gov/Archives/edgar/data/1337298/000143774925034099/ff20250821_8k.htm,8-K https://www.sec.gov/Archives/edgar/data/1337298/000143774925034099/ff20250821_8k.htm,2025-10-02 DEF 14A https://www.sec.gov/Archives/edgar/data/1337298/000143774925030236/ff20250930_def14a.htm,Pass,DEF 14A,2025-10-02,56,https://www.sec.gov/Archives/edgar/data/1337298/000143774925030236/ff20250930_def14a.htm,2025-10-02 DEF 14A https://www.sec.gov/Archives/edgar/data/1337298/000143774925030236/ff20250930_def14a.htm,2025-10-02 DEF 14A https://www.sec.gov/Archives/edgar/data/1337298/000143774925030236/ff20250930_def14a.htm,False,False,,,Missing,,0,False,,Missing,,Medium,Catalyst; Governance,2,Active,4/6,Pass,Pass,Pass,Pass,Missing,Missing,,Financing,
GRCE,"Grace Therapeutics, Inc.",Healthcare,0001444192,2.97,45370509.0,55296.8,10-Q/A,2025-11-17,10,Tier-1,Tier-1,Pass,8-K,2025-11-13,14,https://www.sec.gov/Archives/edgar/data/1444192/000114036125041807/ef20058656_8k.htm,3.410599,3.41,16862000.0,16862000.0,4944000.0,4944000.0,interim,2025-11-13 10-Q https://www.sec.gov/Archives/edgar/data/1444192/000114036125041804/ef20054994_10q.htm | values parsed from EDGAR XBRL: https://www.sec.gov/Archives/edgar/data/1444192/000114036125042491/ef20059408_10qa.htm?form=10-Q | values parsed from EDGAR XBRL: https://www.sec.gov/Archives/edgar/data/1444192/000114036125041804/ef20054994_10q.htm?form=10-Q,307,3-6q,10-Q,2025-11-13,14,https://www.sec.gov/Archives/edgar/data/1444192/000114036125041804/ef20054994_10q.htm,Pass,True,Pass (Offering),Pass (Offering),8-K,warrant,8-K,2025-11-13,262,https://www.sec.gov/Archives/edgar/data/1444192/000114036125041807/ef20058656_8k.htm,8-K https://www.sec.gov/Archives/edgar/data/1444192/000114036125041807/ef20058656_8k.htm,2025-07-28 DEF 14A https://www.sec.gov/Archives/edgar/data/1444192/000114036125027456/ny20050586x1_def14a.htm,Pass,DEF 14A,2025-07-28,122,https://www.sec.gov/Archives/edgar/data/1444192/000114036125027456/ny20050586x1_def14a.htm,2025-07-28 DEF 14A https://www.sec.gov/Archives/edgar/data/1444192/000114036125027456/ny20050586x1_def14a.htm,2025-07-28 DEF 14A https://www.sec.gov/Archives/edgar/data/1444192/000114036125027456/ny20050586x1_def14a.htm,False,False,,,Missing,,0,False,,Missing,,High,Catalyst; Dilution; Governance,3,Active,4/6,Pass,Pass,Pass,Pass,Missing,Missing,,Financing,
GSIT,"GSI Technology, Inc.",Technology,0001126741,3.72,169406903.0,1949387.4,10-Q,2025-11-07,20,Tier-1,Tier-1,Pass,8-K,2025-10-30,28,https://www.sec.gov/Archives/edgar/data/1126741/000117184325006833/f8k_103025.htm,9.744517,9.74,25326000.0,25326000.0,2599000.0,2599000.0,interim,2025-11-07 10-Q https://www.sec.gov/Archives/edgar/data/1126741/000110465925108467/gsit-20250930x10q.htm | values parsed from EDGAR XBRL: https://www.sec.gov/Archives/edgar/data/1126741/000110465925108467/gsit-20250930x10q.htm?form=10-Q,877,6-12q,10-Q,2025-11-07,20,https://www.sec.gov/Archives/edgar/data/1126741/000110465925108467/gsit-20250930x10q.htm,Pass,True,Pass (Offering),Pass (Offering),8-K,registered_direct; atm; offering,8-K,2025-10-30,37,https://www.sec.gov/Archives/edgar/data/1126741/000117184325006833/f8k_103025.htm,8-K https://www.sec.gov/Archives/edgar/data/1126741/000117184325006833/f8k_103025.htm,2025-07-17 DEF 14A https://www.sec.gov/Archives/edgar/data/1126741/000110465925068655/tm254466-1_def14a.htm,Pass,DEF 14A,2025-07-17,133,https://www.sec.gov/Archives/edgar/data/1126741/000110465925068655/tm254466-1_def14a.htm,2025-07-17 DEF 14A https://www.sec.gov/Archives/edgar/data/1126741/000110465925068655/tm254466-1_def14a.htm,2025-07-17 DEF 14A https://www.sec.gov/Archives/edgar/data/1126741/000110465925068655/tm254466-1_def14a.htm,False,False,,,Missing,,0,False,,Missing,,High,Catalyst; Dilution; Governance,3,Active,4/6,Pass,Pass,Pass,Pass,Missing,Missing,,Financing,
HUSA,Houston American Energy Corp.,Energy,0001156041,6.45,76467029.0,214103.25,8-K,2025-11-25,2,Tier-2,Tier-2,Pass,8-K,2025-11-25,2,https://www.sec.gov/Archives/edgar/data/1156041/000149315225024910/form8-k.htm,0.328291,0.33,1512157.0,1512157.0,4606145.0,4606145.0,interim,2025-11-19 10-Q https://www.sec.gov/Archives/edgar/data/1156041/000149315225024335/form10-q.htm | values parsed from EDGAR XBRL: https://www.sec.gov/Archives/edgar/data/1156041/000149315225024335/form10-q.htm?form=10-Q,30,<1q,10-Q,2025-11-19,8,https://www.sec.gov/Archives/edgar/data/1156041/000149315225024335/form10-q.htm,Pass,True,2025-11-21 424B5 https://www.sec.gov/Archives/edgar/data/1156041/000149315225024558/form424b5.htm,Pass (Offering),424B5; S-3/A; S-3; 424B3,,424B5,2025-11-21,6,https://www.sec.gov/Archives/edgar/data/1156041/000149315225024558/form424b5.htm,2025-11-21 424B5 https://www.sec.gov/Archives/edgar/data/1156041/000149315225024558/form424b5.htm; 2025-10-15 S-3/A https://www.sec.gov/Archives/edgar/data/1156041/000149315225018174/forms-3a.htm; 2025-10-08 S-3/A https://www.sec.gov/Archives/edgar/data/1156041/000149315225017464/forms-3a.htm; 2025-09-16 S-3 https://www.sec.gov/Archives/edgar/data/1156041/000149315225013738/forms-3.htm; 2025-06-25 424B3 https://www.sec.gov/Archives/edgar/data/1156041/000164117225016341/form424b3.htm; 2025-06-18 424B3 https://www.sec.gov/Archives/edgar/data/1156041/000164117225015652/form424b3.htm; 2025-01-23 424B3 https://www.sec.gov/Archives/edgar/data/1156041/000149315225003294/form424b3.htm; 2024-10-31 S-3/A https://www.sec.gov/Archives/edgar/data/1156041/000149315224043101/forms-3a.htm,2025-11-14 DEF 14A https://www.sec.gov/Archives/edgar/data/1156041/000149315225023459/formdef14a.htm,Pass,DEF 14A,2025-11-14,13,https://www.sec.gov/Archives/edgar/data/1156041/000149315225023459/formdef14a.htm,2025-11-14 DEF 14A https://www.sec.gov/Archives/edgar/data/1156041/000149315225023459/formdef14a.htm; 2025-04-11 DEF 14A https://www.sec.gov/Archives/edgar/data/1156041/000164117225003763/formdef14a.htm,2025-11-14 DEF 14A https://www.sec.gov/Archives/edgar/data/1156041/000149315225023459/formdef14a.htm,False,False,,,Missing,,0,False,,Missing,,High,Catalyst; Dilution; Governance,3,Active,4/6,Pass,Pass,Pass,Pass,Missing,Missing,,,
INMB,"INmune Bio, Inc.",Healthcare,0001711754,2.11,43865676.0,383001.55,8-K,2025-11-18,9,Tier-2,Tier-2,Pass,8-K,2025-11-18,9,https://www.sec.gov/Archives/edgar/data/1711754/000121390025112136/ea0266048-8k_inmune.htm,1.412262,1.41,27734000.0,27734000.0,19638000.0,19638000.0,interim,2025-10-30 10-Q https://www.sec.gov/Archives/edgar/data/1711754/000121390025104141/ea0261356-10q_inmune.htm | values parsed from EDGAR XBRL: https://www.sec.gov/Archives/edgar/data/1711754/000121390025104141/ea0261356-10q_inmune.htm?form=10-Q,127,1-3q,10-Q,2025-10-30,28,https://www.sec.gov/Archives/edgar/data/1711754/000121390025104141/ea0261356-10q_inmune.htm,Pass,True,2025-06-30 424B5 https://www.sec.gov/Archives/edgar/data/1711754/000121390025059298/ea0247439-424b5_inmune.htm,Pass (Offering),424B5; S-8,,424B5,2025-06-30,150,https://www.sec.gov/Archives/edgar/data/1711754/000121390025059298/ea0247439-424b5_inmune.htm,2025-06-30 424B5 https://www.sec.gov/Archives/edgar/data/1711754/000121390025059298/ea0247439-424b5_inmune.htm; 2025-06-16 S-8 https://www.sec.gov/Archives/edgar/data/1711754/000121390025054428/ea0244817-s8_inmune.htm; 2025-06-16 S-8 https://www.sec.gov/Archives/edgar/data/1711754/000121390025054427/ea0244818-s8_inmunebio.htm; 2025-03-07 424B5 https://www.sec.gov/Archives/edgar/data/1711754/000121390025021719/ea0233629-424b5_inmune.htm,2025-10-14 DEF 14A https://www.sec.gov/Archives/edgar/data/1711754/000121390025098715/ea0259630-02.htm,Pass,DEF 14A,2025-10-14,44,https://www.sec.gov/Archives/edgar/data/1711754/000121390025098715/ea0259630-02.htm,2025-10-14 DEF 14A https://www.sec.gov/Archives/edgar/data/1711754/000121390025098715/ea0259630-02.htm; 2025-04-21 DEF 14A https://www.sec.gov/Archives/edgar/data/1711754/000121390025033742/ea0237268-01.htm; 2024-12-09 8-A12B/A https://www.sec.gov/Archives/edgar/data/1711754/000121390024106924/ea0223772-8a12ba4_inmune.htm,2025-10-14 DEF 14A https://www.sec.gov/Archives/edgar/data/1711754/000121390025098715/ea0259630-02.htm,False,False,,,Missing,,0,False,,Missing,,High,Catalyst; Dilution; Governance,3,Active,4/6,Pass,Pass,Pass,Pass,Missing,Missing,,,
JAKK,"JAKKS Pacific, Inc.",Consumer Cyclical,0001009829,19.03,187521320.0,146986.0,8-K,2025-10-31,27,Tier-2,Tier-2,Pass,8-K,2025-06-25,155,https://www.sec.gov/Archives/edgar/data/1009829/000118518525000688/jakk8k062525.htm,1.045813,1.05,25887000.0,25887000.0,24753000.0,24753000.0,interim,2025-10-31 10-Q https://www.sec.gov/Archives/edgar/data/1009829/000118518525001590/jakk10q093025.htm | values parsed from EDGAR XBRL: https://www.sec.gov/Archives/edgar/data/1009829/000118518525001590/jakk10q093025.htm?form=10-Q,94,1-3q,10-Q,2025-10-31,27,https://www.sec.gov/Archives/edgar/data/1009829/000118518525001590/jakk10q093025.htm,Pass,True,2025-10-29 S-3 https://www.sec.gov/Archives/edgar/data/1009829/000118518525001567/jakks3102725.htm,Pass (Offering),S-3,,S-3,2025-10-29,29,https://www.sec.gov/Archives/edgar/data/1009829/000118518525001567/jakks3102725.htm,2025-10-29 S-3 https://www.sec.gov/Archives/edgar/data/1009829/000118518525001567/jakks3102725.htm,2025-05-08 DEF 14A https://www.sec.gov/Archives/edgar/data/1009829/000118518525000417/jakkdef14a050725.htm,Pass,DEF 14A,2025-05-08,203,https://www.sec.gov/Archives/edgar/data/1009829/000118518525000417/jakkdef14a050725.htm,2025-05-08 DEF 14A https://www.sec.gov/Archives/edgar/data/1009829/000118518525000417/jakkdef14a050725.htm; 2024-10-25 DEF 14A https://www.sec.gov/Archives/edgar/data/1009829/000118518524001025/jakkspacif20241023_def14a.htm,2025-05-08 DEF 14A https://www.sec.gov/Archives/edgar/data/1009829/000118518525000417/jakkdef14a050725.htm,False,False,,,Missing,,0,False,,Missing,,High,Catalyst; Dilution; Governance,3,Active,4/6,Pass,Pass,Pass,Pass,Missing,Missing,,,
LASE,Laser Photonics Corporation,Industrials,0001807887,3.91,45517870.0,223775.65,DEF 14A,2025-11-12,15,Tier-1,Tier-1,Pass,8-K,2025-09-26,62,https://www.sec.gov/Archives/edgar/data/1807887/000149315225015807/form8-k.htm,0.035811,0.04,78522.0,78522.0,2192704.0,2192704.0,interim,2025-08-15 10-Q https://www.sec.gov/Archives/edgar/data/1807887/000164117225024367/form10-q.htm | values parsed from EDGAR XBRL: https://www.sec.gov/Archives/edgar/data/1807887/000164117225024367/form10-q.htm?form=10-Q,4,<1q,10-Q,2025-08-15,104,https://www.sec.gov/Archives/edgar/data/1807887/000164117225024367/form10-q.htm,Pass,True,Pass (Offering),Pass (Offering),8-K,spa; purchase_agreement; atm; warrant; offering,8-K,2025-09-26,,https://www.sec.gov/Archives/edgar/data/1807887/000149315225015807/form8-k.htm,8-K https://www.sec.gov/Archives/edgar/data/1807887/000149315225015807/form8-k.htm,2025-11-12 DEF 14A https://www.sec.gov/Archives/edgar/data/1807887/000149315225021820/formdef14a.htm,Pass,DEF 14A,2025-11-12,15,https://www.sec.gov/Archives/edgar/data/1807887/000149315225021820/formdef14a.htm,2025-11-12 DEF 14A https://www.sec.gov/Archives/edgar/data/1807887/000149315225021820/formdef14a.htm,2025-11-12 DEF 14A https://www.sec.gov/Archives/edgar/data/1807887/000149315225021820/formdef14a.htm,False,False,,,Missing,,0,False,,Missing,,Medium,Catalyst; Governance,2,Active,4/6,Pass,Pass,Pass,Pass,Missing,Missing,,Financing,
MXCT,"MaxCyte, Inc.",Healthcare,0001287098,1.5,186679518.0,919636.6,10-Q,2025-11-13,14,Tier-1,Tier-1,Pass,8-K,2025-11-12,15,https://www.sec.gov/Archives/edgar/data/1287098/000110465925110375/mxct-20251112x8k.htm,0.408972,0.41,12973000.0,12973000.0,31721000.0,31721000.0,interim,2025-11-13 10-Q https://www.sec.gov/Archives/edgar/data/1287098/000110465925111396/mxct-20250930x10q.htm | values parsed from EDGAR XBRL: https://www.sec.gov/Archives/edgar/data/1287098/000110465925111396/mxct-20250930x10q.htm?form=10-Q,37,<1q,10-Q,2025-11-13,14,https://www.sec.gov/Archives/edgar/data/1287098/000110465925111396/mxct-20250930x10q.htm,Pass,True,Pass (Offering),Pass (Offering),8-K,offering,8-K,2025-11-12,93,https://www.sec.gov/Archives/edgar/data/1287098/000110465925110375/mxct-20251112x8k.htm,8-K https://www.sec.gov/Archives/edgar/data/1287098/000110465925110375/mxct-20251112x8k.htm,2025-04-28 DEF 14A https://www.sec.gov/Archives/edgar/data/1287098/000110465925040269/tm252518-4_def14a.htm,Pass,DEF 14A,2025-04-28,213,https://www.sec.gov/Archives/edgar/data/1287098/000110465925040269/tm252518-4_def14a.htm,2025-04-28 DEF 14A https://www.sec.gov/Archives/edgar/data/1287098/000110465925040269/tm252518-4_def14a.htm,2025-04-28 DEF 14A https://www.sec.gov/Archives/edgar/data/1287098/000110465925040269/tm252518-4_def14a.htm,False,False,,,Missing,,0,False,,Missing,,High,Catalyst; Dilution; Governance,3,Active,4/6,Pass,Pass,Pass,Pass,Missing,Missing,,Financing,
NRXS,"NeurAxis, Inc.",Healthcare,0001933567,3.11,28807980.0,106192.2,10-Q,2025-11-10,17,Tier-1,Tier-1,Pass,8-K,2025-10-24,34,https://www.sec.gov/Archives/edgar/data/1933567/000149315225019186/form8-k.htm,0.972975,0.97,4377109.0,4377109.0,4498684.0,4498684.0,interim,2025-11-10 10-Q https://www.sec.gov/Archives/edgar/data/1933567/000149315225021547/form10-q.htm | values parsed from EDGAR XBRL: https://www.sec.gov/Archives/edgar/data/1933567/000149315225021547/form10-q.htm?form=10-Q,87,<1q,10-Q,2025-11-10,17,https://www.sec.gov/Archives/edgar/data/1933567/000149315225021547/form10-q.htm,Pass,True,Pass (Offering),Pass (Offering),8-K,offering,8-K,2025-10-24,35,https://www.sec.gov/Archives/edgar/data/1933567/000149315225019186/form8-k.htm,8-K https://www.sec.gov/Archives/edgar/data/1933567/000149315225019186/form8-k.htm,2025-04-14 DEF 14A https://www.sec.gov/Archives/edgar/data/1933567/000114036125013641/ny20046104x2_def14a.htm,Pass,DEF 14A,2025-04-14,227,https://www.sec.gov/Archives/edgar/data/1933567/000114036125013641/ny20046104x2_def14a.htm,2025-04-14 DEF 14A https://www.sec.gov/Archives/edgar/data/1933567/000114036125013641/ny20046104x2_def14a.htm,2025-04-14 DEF 14A https://www.sec.gov/Archives/edgar/data/1933567/000114036125013641/ny20046104x2_def14a.htm,False,False,,,Missing,,0,False,,Missing,,High,Catalyst; Dilution; Governance,3,Active,4/6,Pass,Pass,Pass,Pass,Missing,Missing,,Financing,
OMI,"Owens & Minor, Inc.",Healthcare,0000075252,4.68,213247340.0,2331707.9,10-Q,2025-10-31,27,Tier-1,Tier-1,Pass,8-K,2025-10-30,28,https://www.sec.gov/Archives/edgar/data/75252/000110465925104379/omi-20251030x8k.htm,0.193186,0.19,32837000.0,32837000.0,169976000.0,169976000.0,interim,2025-10-31 10-Q https://www.sec.gov/Archives/edgar/data/75252/000110465925104506/omi-20250930x10q.htm | values parsed from EDGAR XBRL: https://www.sec.gov/Archives/edgar/data/75252/000110465925104506/omi-20250930x10q.htm?form=10-Q,17,<1q,10-Q,2025-10-31,27,https://www.sec.gov/Archives/edgar/data/75252/000110465925104506/omi-20250930x10q.htm,Pass,True,Pass (Offering),Pass (Offering),8-K,offering,8-K,2025-10-30,,https://www.sec.gov/Archives/edgar/data/75252/000110465925104379/omi-20251030x8k.htm,8-K https://www.sec.gov/Archives/edgar/data/75252/000110465925104379/omi-20251030x8k.htm,2025-04-04 DEF 14A https://www.sec.gov/Archives/edgar/data/75252/000119312525072752/d923972ddef14a.htm,Pass,DEF 14A,2025-04-04,237,https://www.sec.gov/Archives/edgar/data/75252/000119312525072752/d923972ddef14a.htm,2025-04-04 DEF 14A https://www.sec.gov/Archives/edgar/data/75252/000119312525072752/d923972ddef14a.htm,2025-04-04 DEF 14A https://www.sec.gov/Archives/edgar/data/75252/000119312525072752/d923972ddef14a.htm,False,False,,,Missing,,0,False,,Missing,,Medium,Catalyst; Governance,2,Active,4/6,Pass,Pass,Pass,Pass,Missing,Missing,,Financing,
RFAI,RF Acquisition Corp II Ordinary Shares,Financial Services,0002012807,10.7,161684625.0,44384.05,8-K,2025-11-14,13,Tier-1,Tier-1,Pass,8-K,2025-10-02,56,https://www.sec.gov/Archives/edgar/data/2012807/000182912625007836/rfacquisition2_8k.htm,1.417752,1.42,562225.0,562225.0,396561.0,396561.0,interim,2025-11-06 10-Q https://www.sec.gov/Archives/edgar/data/2012807/000182912625008868/rfacq2_10q.htm | values parsed from EDGAR XBRL: https://www.sec.gov/Archives/edgar/data/2012807/000182912625008868/rfacq2_10q.htm?form=10-Q,128,1-3q,10-Q,2025-11-06,21,https://www.sec.gov/Archives/edgar/data/2012807/000182912625008868/rfacq2_10q.htm,Pass,True,Pass (Offering),Pass (Offering),8-K,warrant; offering,8-K,2025-10-02,,https://www.sec.gov/Archives/edgar/data/2012807/000182912625007836/rfacquisition2_8k.htm,8-K https://www.sec.gov/Archives/edgar/data/2012807/000182912625007836/rfacquisition2_8k.htm,2025-10-14 DEF 14A https://www.sec.gov/Archives/edgar/data/2012807/000182912625008059/rfacq2_def14a.htm,Pass,DEF 14A,2025-10-14,44,https://www.sec.gov/Archives/edgar/data/2012807/000182912625008059/rfacq2_def14a.htm,2025-10-14 DEF 14A https://www.sec.gov/Archives/edgar/data/2012807/000182912625008059/rfacq2_def14a.htm,2025-10-14 DEF 14A https://www.sec.gov/Archives/edgar/data/2012807/000182912625008059/rfacq2_def14a.htm,False,False,,,Missing,,0,False,,Missing,,Medium,Catalyst; Governance,2,Active,4/6,Pass,Pass,Pass,Pass,Missing,Missing,,Financing,
SLNH,"Soluna Holdings, Inc.",Technology,0000064463,2.52,46980731.0,5719134.6,S-8,2025-11-21,6,Tier-1,Tier-1,Pass,8-K,2025-11-17,10,https://www.sec.gov/Archives/edgar/data/64463/000149315225023755/form8-k.htm,14.766025,14.77,51371000.0,51371000.0,3479000.0,3479000.0,interim,2025-11-14 10-Q https://www.sec.gov/Archives/edgar/data/64463/000149315225023503/form10-q.htm | values parsed from EDGAR XBRL: https://www.sec.gov/Archives/edgar/data/64463/000149315225023503/form10-q.htm?form=10-Q,1329,>12q,10-Q,2025-11-14,13,https://www.sec.gov/Archives/edgar/data/64463/000149315225023503/form10-q.htm,Pass,True,Pass (Offering),Pass (Offering),8-K,convertible; warrant; offering,8-K,2025-11-17,6,https://www.sec.gov/Archives/edgar/data/64463/000149315225023755/form8-k.htm,8-K https://www.sec.gov/Archives/edgar/data/64463/000149315225023755/form8-k.htm,2025-10-14 DEF 14A https://www.sec.gov/Archives/edgar/data/64463/000149315225018023/formdef14a.htm,Pass,DEF 14A,2025-10-14,44,https://www.sec.gov/Archives/edgar/data/64463/000149315225018023/formdef14a.htm,2025-10-14 DEF 14A https://www.sec.gov/Archives/edgar/data/64463/000149315225018023/formdef14a.htm; 2025-07-21 DEF 14A https://www.sec.gov/Archives/edgar/data/64463/000164117225020351/formdef14a.htm; 2024-10-28 DEF 14A https://www.sec.gov/Archives/edgar/data/64463/000149315224042630/formdef14a.htm,2025-10-14 DEF 14A https://www.sec.gov/Archives/edgar/data/64463/000149315225018023/formdef14a.htm,False,False,,,Missing,,0,False,,Missing,,High,Catalyst; Dilution; Governance,3,Active,4/6,Pass,Pass,Pass,Pass,Missing,Missing,,Financing,
UAVS,"AgEagle Aerial Systems, Inc.",Technology,0000008504,2.04,51889114.0,1613269.4,8-K,2025-11-17,10,Tier-1,Tier-1,Pass,8-K,2025-11-17,10,https://www.sec.gov/Archives/edgar/data/8504/000149315225023782/form8-k.htm,2.266984,2.27,16628558.0,16628558.0,7335102.0,7335102.0,interim,2025-11-14 10-Q https://www.sec.gov/Archives/edgar/data/8504/000143774925035221/uavs20250930_10q.htm | values parsed from EDGAR XBRL: https://www.sec.gov/Archives/edgar/data/8504/000143774925035221/uavs20250930_10q.htm?form=10-Q,204,1-3q,10-Q,2025-11-14,13,https://www.sec.gov/Archives/edgar/data/8504/000143774925035221/uavs20250930_10q.htm,Pass,True,Pass (Offering),Pass (Offering),8-K,warrant,8-K,2025-11-17,20,https://www.sec.gov/Archives/edgar/data/8504/000149315225023782/form8-k.htm,8-K https://www.sec.gov/Archives/edgar/data/8504/000149315225023782/form8-k.htm,2025-04-30 DEF 14A https://www.sec.gov/Archives/edgar/data/8504/000164117225007890/formdef14a.htm,Pass,DEF 14A,2025-04-30,211,https://www.sec.gov/Archives/edgar/data/8504/000164117225007890/formdef14a.htm,2025-04-30 DEF 14A https://www.sec.gov/Archives/edgar/data/8504/000164117225007890/formdef14a.htm; 2024-11-19 DEF 14A https://www.sec.gov/Archives/edgar/data/8504/000149315224046874/formdef14a.htm,2025-04-30 DEF 14A https://www.sec.gov/Archives/edgar/data/8504/000164117225007890/formdef14a.htm,False,False,,,Missing,,0,False,,Missing,,High,Catalyst; Dilution; Governance,3,Active,4/6,Pass,Pass,Pass,Pass,Missing,Missing,,Financing,
ZEO,Zeo Energy Corp.,Energy,0001865506,1.42,79238560.0,100384.15,10-Q,2025-11-14,13,Tier-1,Tier-1,Pass,8-K,2025-09-08,80,https://www.sec.gov/Archives/edgar/data/1865506/000121390025085291/ea0256318-8k_zeo.htm,0.351741,0.35,3915900.0,3915900.0,11132921.0,11132921.0,interim,2025-11-14 10-Q https://www.sec.gov/Archives/edgar/data/1865506/000121390025110368/ea0264562-10q_zeoenergy.htm | values parsed from EDGAR XBRL: https://www.sec.gov/Archives/edgar/data/1865506/000121390025110368/ea0264562-10q_zeoenergy.htm?form=10-Q,31,<1q,10-Q,2025-11-14,13,https://www.sec.gov/Archives/edgar/data/1865506/000121390025110368/ea0264562-10q_zeoenergy.htm,Pass,True,Pass (Offering),Pass (Offering),8-K,purchase_agreement; warrant; offering,8-K,2025-09-08,98,https://www.sec.gov/Archives/edgar/data/1865506/000121390025085291/ea0256318-8k_zeo.htm,8-K https://www.sec.gov/Archives/edgar/data/1865506/000121390025085291/ea0256318-8k_zeo.htm,2025-06-24 DEF 14A https://www.sec.gov/Archives/edgar/data/1865506/000121390025056806/ea0246583-01.htm,Pass,DEF 14A,2025-06-24,156,https://www.sec.gov/Archives/edgar/data/1865506/000121390025056806/ea0246583-01.htm,2025-06-24 DEF 14A https://www.sec.gov/Archives/edgar/data/1865506/000121390025056806/ea0246583-01.htm,2025-06-24 DEF 14A https://www.sec.gov/Archives/edgar/data/1865506/000121390025056806/ea0246583-01.htm,False,False,,,Missing,,0,False,,Missing,,High,Catalyst; Dilution; Governance,3,Active,4/6,Pass,Pass,Pass,Pass,Missing,Missing,,Financing,
ZURA,Zura Bio Limited,Healthcare,0001855644,2.99,247083520.0,440646.85,10-Q,2025-11-13,14,Tier-1,Tier-1,Pass,8-K,2025-11-13,14,https://www.sec.gov/Archives/edgar/data/1855644/000110465925110789/tm2531128d1_8k.htm,3.268143,3.27,139017000.0,139017000.0,42537000.0,42537000.0,interim,2025-11-13 10-Q https://www.sec.gov/Archives/edgar/data/1855644/000110465925110793/zura-20250930x10q.htm | values parsed from EDGAR XBRL: https://www.sec.gov/Archives/edgar/data/1855644/000110465925110793/zura-20250930x10q.htm?form=10-Q,294,3-6q,10-Q,2025-11-13,14,https://www.sec.gov/Archives/edgar/data/1855644/000110465925110793/zura-20250930x10q.htm,Pass,True,Pass (Offering),Pass (Offering),8-K,warrant,8-K,2025-11-13,,https://www.sec.gov/Archives/edgar/data/1855644/000110465925110789/tm2531128d1_8k.htm,8-K https://www.sec.gov/Archives/edgar/data/1855644/000110465925110789/tm2531128d1_8k.htm,2025-04-23 DEF 14A https://www.sec.gov/Archives/edgar/data/1855644/000110465925038042/tm2512764-2_def14a.htm,Pass,DEF 14A,2025-04-23,218,https://www.sec.gov/Archives/edgar/data/1855644/000110465925038042/tm2512764-2_def14a.htm,2025-04-23 DEF 14A https://www.sec.gov/Archives/edgar/data/1855644/000110465925038042/tm2512764-2_def14a.htm,2025-04-23 DEF 14A https://www.sec.gov/Archives/edgar/data/1855644/000110465925038042/tm2512764-2_def14a.htm,False,False,,,Missing,,0,False,,Missing,,Medium,Catalyst; Governance,2,Active,4/6,Pass,Pass,Pass,Pass,Missing,Missing,,Financing,
ZVIA,Zevia PBC,Consumer Defensive,0001854139,2.73,180382317.0,787711.55,10-Q,2025-11-05,22,Tier-1,Tier-1,Pass,8-K,2025-11-05,22,https://www.sec.gov/Archives/edgar/data/1854139/000143774925033349/zvia20250815_8k.htm,6.203289,6.2,26029000.0,26029000.0,4196000.0,4196000.0,interim,2025-11-05 10-Q https://www.sec.gov/Archives/edgar/data/1854139/000143774925033353/zvia20250930_10q.htm | values parsed from EDGAR XBRL: https://www.sec.gov/Archives/edgar/data/1854139/000143774925033353/zvia20250930_10q.htm?form=10-Q,558,6-12q,10-Q,2025-11-05,22,https://www.sec.gov/Archives/edgar/data/1854139/000143774925033353/zvia20250930_10q.htm,Pass,True,Pass (Offering),Pass (Offering),8-K,offering,8-K,2025-11-05,107,https://www.sec.gov/Archives/edgar/data/1854139/000143774925033349/zvia20250815_8k.htm,8-K https://www.sec.gov/Archives/edgar/data/1854139/000143774925033349/zvia20250815_8k.htm,2025-04-24 DEF 14A https://www.sec.gov/Archives/edgar/data/1854139/000095017025058198/zvia-20250424.htm,Pass,DEF 14A,2025-04-24,217,https://www.sec.gov/Archives/edgar/data/1854139/000095017025058198/zvia-20250424.htm,2025-04-24 DEF 14A https://www.sec.gov/Archives/edgar/data/1854139/000095017025058198/zvia-20250424.htm,2025-04-24 DEF 14A https://www.sec.gov/Archives/edgar/data/1854139/000095017025058198/zvia-20250424.htm,False,False,,,Missing,,0,False,,Missing,,High,Catalyst; Dilution; Governance,3,Active,4/6,Pass,Pass,Pass,Pass,Missing,Missing,,Financing,
